20170321-04:02:47	1	YES	T	sound5	0.5	violin	2	NA	FF	60.026278019
20170321-04:04:02	2	YES	TT	sound3	0.25	violin	3	YES	FFT	40.7796709538
20170321-04:04:47	3	YES	TTT	sound3	0.75	piano	4	NO	FFTT	41.8164558411
20170321-04:11:02	4	NO	TTTT	NA	NA	NA	NA	NA	NA	22.1575610638
20170321-12:00:05	2	NA	FF	NA	NA	NA	NA	NA	NA	70.6045029163
20170321-12:01:20	3	YES	FFT	sound4	0.5	piano	1	NO	T	59.4817261696
20170321-12:02:23	4	NO	FFTT	NA	NA	NA	NA	NA	NA	23.6221759319
20170321-12:02:51	5	YES	FFTTT	sound5	0.25	trumpet	2	NO	TT	76.1021399498
20170321-12:04:11	7	NO	FFTTTFT	NA	NA	NA	NA	NA	NA	57.9944999218
20170321-12:05:13	8	NO	FFTTTFTT	NA	NA	NA	NA	NA	NA	23.0914640427
20170321-12:05:40	9	NO	FFTTTFTTT	NA	NA	NA	NA	NA	NA	22.6609210968
20170321-12:06:07	11	NA	FFTTTFTTTFF	NA	NA	NA	NA	NA	NA	96.789648056
20170321-12:07:48	13	NO	FFTTTFTTTFFFT	NA	NA	NA	NA	NA	NA	47.2734160423
20170321-12:08:39	15	NA	FFTTTFTTTFFFTFF	NA	NA	NA	NA	NA	NA	105.872560024
20170321-12:10:29	17	NA	FFTTTFTTTFFFTFFFF	NA	NA	NA	NA	NA	NA	54.9794371128
20170321-12:11:28	18	NO	FFTTTFTTTFFFTFFFFT	NA	NA	NA	NA	NA	NA	63.6257150173
20170321-12:12:35	20	NO	FFTTTFTTTFFFTFFFFTFT	NA	NA	NA	NA	NA	NA	239.211975098
20170321-12:16:39	22	NO	FFTTTFTTTFFFTFFFFTFTFT	NA	NA	NA	NA	NA	NA	128.771226883
20170321-12:18:51	24	NA	FFTTTFTTTFFFTFFFFTFTFTFF	NA	NA	NA	NA	NA	NA	69.4662668705
20170321-12:20:05	25	NO	FFTTTFTTTFFFTFFFFTFTFTFFT	NA	NA	NA	NA	NA	NA	69.9135458469
20170321-12:21:19	27	NO	FFTTTFTTTFFFTFFFFTFTFTFFTFT	NA	NA	NA	NA	NA	NA	161.180468082
20170321-12:24:04	29	NA	FFTTTFTTTFFFTFFFFTFTFTFFTFTFF	NA	NA	NA	NA	NA	NA	52.5153779984
20170321-12:25:00	30	NO	FFTTTFTTTFFFTFFFFTFTFTFFTFTFFT	NA	NA	NA	NA	NA	NA	129.721172094
20170321-12:27:14	32	NO	FFTTTFTTTFFFTFFFFTFTFTFFTFTFFTFT	NA	NA	NA	NA	NA	NA	380.782337904
20170321-12:33:39	34	NO	FFTTTFTTTFFFTFFFFTFTFTFFTFTFFTFTFT	NA	NA	NA	NA	NA	NA	117.004071951
20170321-12:35:40	36	NA	FFTTTFTTTFFFTFFFFTFTFTFFTFTFFTFTFTFF	NA	NA	NA	NA	NA	NA	71.5181660652
20170321-12:36:55	37	NO	FFTTTFTTTFFFTFFFFTFTFTFFTFTFFTFTFTFFT	NA	NA	NA	NA	NA	NA	350.229064941
20170321-12:42:50	39	NA	FFTTTFTTTFFFTFFFFTFTFTFFTFTFFTFTFTFFTFF	NA	NA	NA	NA	NA	NA	62.8690679073
20170321-12:43:57	41	NA	FFTTTFTTTFFFTFFFFTFTFTFFTFTFFTFTFTFFTFFFF	NA	NA	NA	NA	NA	NA	80.1739590168
20170321-12:45:21	43	NA	FFTTTFTTTFFFTFFFFTFTFTFFTFTFFTFTFTFFTFFFFFF	NA	NA	NA	NA	NA	NA	83.927341938
20170321-12:46:49	45	NA	FFTTTFTTTFFFTFFFFTFTFTFFTFTFFTFTFTFFTFFFFFFFF	NA	NA	NA	NA	NA	NA	62.6238229275
20170321-12:47:55	47	NA	FFTTTFTTTFFFTFFFFTFTFTFFTFTFFTFTFTFFTFFFFFFFFFF	NA	NA	NA	NA	NA	NA	55.5091869831
20170321-12:48:55	48	NO	FFTTTFTTTFFFTFFFFTFTFTFFTFTFFTFTFTFFTFFFFFFFFFFT	NA	NA	NA	NA	NA	NA	104.563458204
20170321-12:50:43	50	NA	FFTTTFTTTFFFTFFFFTFTFTFFTFTFFTFTFTFFTFFFFFFFFFFTFF	NA	NA	NA	NA	NA	NA	94.2642290592
20170321-12:52:22	52	NA	FFTTTFTTTFFFTFFFFTFTFTFFTFTFFTFTFTFFTFFFFFFFFFFTFFFF	NA	NA	NA	NA	NA	NA	62.6255998611
20170321-12:53:28	54	NA	FFTTTFTTTFFFTFFFFTFTFTFFTFTFFTFTFTFFTFFFFFFFFFFTFFFFFF	NA	NA	NA	NA	NA	NA	293.302200079
20170321-12:58:26	56	NO	FFTTTFTTTFFFTFFFFTFTFTFFTFTFFTFTFTFFTFFFFFFFFFFTFFFFFFFT	NA	NA	NA	NA	NA	NA	85.6259539127
20170321-12:59:55	58	NA	FFTTTFTTTFFFTFFFFTFTFTFFTFTFFTFTFTFFTFFFFFFFFFFTFFFFFFFTFF	NA	NA	NA	NA	NA	NA	55.9351000786
20170321-13:00:55	60	NA	FFTTTFTTTFFFTFFFFTFTFTFFTFTFFTFTFTFFTFFFFFFFFFFTFFFFFFFTFFFF	NA	NA	NA	NA	NA	NA	56.3809049129
20170321-13:01:56	61	NO	FFTTTFTTTFFFTFFFFTFTFTFFTFTFFTFTFTFFTFFFFFFFFFFTFFFFFFFTFFFFT	NA	NA	NA	NA	NA	NA	287.850913048
20170321-13:06:47	63	NA	FFTTTFTTTFFFTFFFFTFTFTFFTFTFFTFTFTFFTFFFFFFFFFFTFFFFFFFTFFFFTFF	NA	NA	NA	NA	NA	NA	73.8920960426
20170321-13:08:05	65	NA	FFTTTFTTTFFFTFFFFTFTFTFFTFTFFTFTFTFFTFFFFFFFFFFTFFFFFFFTFFFFTFFFF	NA	NA	NA	NA	NA	NA	69.421708107
20170321-13:09:19	67	NA	FFTTTFTTTFFFTFFFFTFTFTFFTFTFFTFTFTFFTFFFFFFFFFFTFFFFFFFTFFFFTFFFFFF	NA	NA	NA	NA	NA	NA	48.9343149662
20170321-13:10:12	69	NA	FFTTTFTTTFFFTFFFFTFTFTFFTFTFFTFTFTFFTFFFFFFFFFFTFFFFFFFTFFFFTFFFFFFFF	NA	NA	NA	NA	NA	NA	406.76372695
20170321-13:17:02	70	NO	FFTTTFTTTFFFTFFFFTFTFTFFTFTFFTFTFTFFTFFFFFFFFFFTFFFFFFFTFFFFTFFFFFFFFT	NA	NA	NA	NA	NA	NA	260.921110868
20170321-13:21:27	72	NA	FFTTTFTTTFFFTFFFFTFTFTFFTFTFFTFTFTFFTFFFFFFFFFFTFFFFFFFTFFFFTFFFFFFFFTFF	NA	NA	NA	NA	NA	NA	57.7409439087
20170321-13:22:29	73	NO	FFTTTFTTTFFFTFFFFTFTFTFFTFTFFTFTFTFFTFFFFFFFFFFTFFFFFFFTFFFFTFFFFFFFFTFFT	NA	NA	NA	NA	NA	NA	99.0060801506
20170321-13:24:12	75	NA	FFTTTFTTTFFFTFFFFTFTFTFFTFTFFTFTFTFFTFFFFFFFFFFTFFFFFFFTFFFFTFFFFFFFFTFFTFF	NA	NA	NA	NA	NA	NA	53.5026619434
20170321-13:25:10	77	NA	FFTTTFTTTFFFTFFFFTFTFTFFTFTFFTFTFTFFTFFFFFFFFFFTFFFFFFFTFFFFTFFFFFFFFTFFTFFFF	NA	NA	NA	NA	NA	NA	53.9968960285
20170321-13:26:08	79	NA	FFTTTFTTTFFFTFFFFTFTFTFFTFTFFTFTFTFFTFFFFFFFFFFTFFFFFFFTFFFFTFFFFFFFFTFFTFFFFFF	NA	NA	NA	NA	NA	NA	44.7201740742
20170321-13:27:04	81	NA	FFTTTFTTTFFFTFFFFTFTFTFFTFTFFTFTFTFFTFFFFFFFFFFTFFFFFFFTFFFFTFFFFFFFFTFFTFFFFFFFF	NA	NA	NA	NA	NA	NA	54.3020961285
20170321-13:28:04	83	NA	FFTTTFTTTFFFTFFFFTFTFTFFTFTFFTFTFTFFTFFFFFFFFFFTFFFFFFFTFFFFTFFFFFFFFTFFTFFFFFFFFFF	NA	NA	NA	NA	NA	NA	67.1354391575
20170321-13:29:16	85	NA	FFTTTFTTTFFFTFFFFTFTFTFFTFTFFTFTFTFFTFFFFFFFFFFTFFFFFFFTFFFFTFFFFFFFFTFFTFFFFFFFFFFFF	NA	NA	NA	NA	NA	NA	53.0516140461
20170321-13:30:13	87	NA	FFTTTFTTTFFFTFFFFTFTFTFFTFTFFTFTFTFFTFFFFFFFFFFTFFFFFFFTFFFFTFFFFFFFFTFFTFFFFFFFFFFFFFF	NA	NA	NA	NA	NA	NA	87.9686629772
20170321-13:31:45	88	NO	FFTTTFTTTFFFTFFFFTFTFTFFTFTFFTFTFTFFTFFFFFFFFFFTFFFFFFFTFFFFTFFFFFFFFTFFTFFFFFFFFFFFFFFT	NA	NA	NA	NA	NA	NA	193.877261162
20170321-13:35:02	90	NA	FFTTTFTTTFFFTFFFFTFTFTFFTFTFFTFTFTFFTFFFFFFFFFFTFFFFFFFTFFFFTFFFFFFFFTFFTFFFFFFFFFFFFFFTFF	NA	NA	NA	NA	NA	NA	126.55962801
20170321-13:37:13	92	NA	FFTTTFTTTFFFTFFFFTFTFTFFTFTFFTFTFTFFTFFFFFFFFFFTFFFFFFFTFFFFTFFFFFFFFTFFTFFFFFFFFFFFFFFTFFFF	NA	NA	NA	NA	NA	NA	67.0842869282
20170321-13:38:24	93	NO	FFTTTFTTTFFFTFFFFTFTFTFFTFTFFTFTFTFFTFFFFFFFFFFTFFFFFFFTFFFFTFFFFFFFFTFFTFFFFFFFFFFFFFFTFFFFT	NA	NA	NA	NA	NA	NA	86.4487140179
20170321-13:39:55	94	NO	FFTTTFTTTFFFTFFFFTFTFTFFTFTFFTFTFTFFTFFFFFFFFFFTFFFFFFFTFFFFTFFFFFFFFTFFTFFFFFFFFFFFFFFTFFFFTT	NA	NA	NA	NA	NA	NA	23.7098779678